Zone,Weight,FedEx_First_Overnight,FedEx_Priority_Overnight,FedEx_Standard_Overnight,FedEx_2Day_AM,FedEx_2Day,FedEx_Express_Saver
2,1,73.31,42.31,38.55,28.72,25.23,22.95
2,2,73.87,42.87,41.12,29.22,26.26,23.38
2,3,77.77,46.77,44.68,29.71,26.68,24.83
2,4,82.02,51.02,48.20,30.59,27.50,25.27
2,5,82.45,51.45,49.06,31.48,28.33,25.70
2,6,89.98,58.98,51.78,32.86,29.55,27.78
2,7,90.74,59.74,53.45,34.25,30.79,28.23
2,8,91.00,60.00,56.26,35.64,32.03,29.29
2,9,91.27,60.27,58.19,37.52,33.67,29.54
2,10,91.81,60.81,58.48,39.31,33.96,29.83
2,11,102.44,71.44,62.70,41.06,36.92,35.38
2,12,104.12,73.12,64.78,44.58,38.88,36.26
2,13,104.39,73.39,65.50,46.29,41.62,39.53
2,14,105.89,74.89,68.05,48.59,43.71,39.96
2,15,106.16,75.16,70.66,51.98,45.36,40.22
2,16,111.04,80.04,72.16,54.45,46.43,42.64
2,17,115.64,84.64,73.71,54.84,47.85,42.90
2,18,116.32,85.32,78.09,58.51,49.45,46.80
2,19,116.87,85.87,80.18,58.88,51.42,48.00
2,20,117.31,86.31,81.68,59.18,53.19,48.26
2,21,121.08,90.08,83.87,65.01,55.67,49.65
2,22,125.22,94.22,86.82,65.77,57.38,53.23
2,23,125.74,94.74,88.29,68.98,58.79,55.27
2,24,128.25,97.25,90.50,71.64,60.14,55.52
2,25,128.75,97.75,91.73,71.91,62.08,55.79
2,26,134.75,103.75,91.99,74.10,63.95,60.99
2,27,135.36,104.36,96.16,75.32,65.99,62.97
2,28,137.54,106.54,96.59,77.16,68.11,64.87
2,29,138.08,107.08,98.45,81.09,69.88,65.13
2,30,138.57,107.57,102.94,83.53,70.15,65.38
2,31,142.67,111.67,104.85,84.11,70.43,67.49
2,32,145.85,114.85,107.03,84.38,70.74,67.77
2,33,148.60,117.60,109.39,87.75,76.58,71.61
2,34,151.12,120.12,111.29,90.50,78.98,73.02
2,35,153.69,122.69,114.46,92.33,80.57,74.44
2,36,158.77,127.77,115.17,95.41,81.83,76.56
2,37,159.30,128.30,115.45,95.73,83.35,76.97
2,38,159.60,128.60,117.48,99.35,84.75,77.57
2,39,160.11,129.11,120.47,102.08,87.44,77.82
2,40,160.43,129.43,125.92,102.82,87.71,78.28
2,41,166.14,135.14,128.08,107.35,91.97,87.30
2,42,168.12,137.12,130.46,111.65,93.47,88.91
2,43,171.80,140.80,132.63,112.10,95.43,90.64
2,44,174.98,143.98,134.92,113.29,97.04,91.31
2,45,181.82,150.82,137.11,113.60,97.47,91.57
2,46,185.95,154.95,139.19,113.90,100.48,91.82
2,47,188.18,157.18,142.17,118.90,100.80,92.08
2,48,188.46,157.46,144.25,121.27,102.90,92.34
2,49,188.72,157.72,146.44,121.54,103.17,92.59
2,50,189.62,158.62,149.32,122.81,103.46,93.02
2,51,207.51,176.51,151.44,129.81,104.42,100.44
2,52,210.19,179.19,154.48,138.69,111.79,102.74
2,53,212.15,181.15,157.30,139.58,114.03,106.70
2,54,212.70,181.70,159.35,140.19,115.64,107.29
2,55,213.37,182.37,162.46,140.79,117.77,107.81
2,56,226.59,195.59,165.42,141.45,118.71,108.33
2,57,228.27,197.27,169.00,145.08,119.26,108.84
2,58,228.84,197.84,170.22,145.71,119.82,109.37
2,59,229.39,198.39,170.76,149.07,120.37,109.89
2,60,229.96,198.96,171.73,150.03,120.93,111.87
2,61,240.34,209.34,172.26,150.56,121.48,114.75
2,62,242.73,211.73,172.82,151.11,122.03,116.61
2,63,243.35,212.35,183.86,155.10,122.58,117.91
2,64,253.98,222.98,190.25,160.43,130.27,120.77
2,65,255.06,224.06,196.03,160.98,135.17,121.29
2,66,255.64,224.64,199.61,161.51,135.72,121.82
2,67,257.78,226.78,202.50,162.07,136.28,122.33
2,68,262.91,231.91,203.55,162.67,136.83,122.84
2,69,263.45,232.45,204.07,163.29,137.39,123.37
2,70,264.02,233.02,214.12,163.82,137.94,126.40
2,71,270.67,239.67,218.21,167.54,146.32,126.98
2,72,272.20,241.20,218.75,173.00,147.16,129.97
2,73,272.76,241.76,219.70,173.55,147.66,130.48
2,74,273.34,242.34,220.56,174.25,148.17,130.99
2,75,274.48,243.48,233.09,175.31,149.18,132.15
2,76,276.23,245.23,234.36,187.85,152.03,133.79
2,77,277.03,246.03,238.19,189.11,153.13,134.83
2,78,277.83,246.83,239.39,190.29,154.24,135.86
2,79,278.63,247.63,240.45,191.49,155.36,136.91
2,80,279.64,248.64,241.60,192.55,156.47,137.95
2,81,299.76,268.76,242.65,193.63,161.89,138.98
2,82,301.78,270.78,258.80,195.05,163.46,143.93
2,83,302.93,271.93,260.42,199.74,165.66,144.97
2,84,304.04,273.04,261.48,202.25,166.78,146.01
2,85,305.18,274.18,262.54,203.33,174.47,147.03
2,86,308.80,277.80,268.25,204.38,175.60,148.07
2,87,309.60,278.60,269.57,205.46,176.70,149.11
2,88,310.40,279.40,270.66,207.00,177.81,150.14
2,89,311.20,280.20,274.20,208.08,178.91,151.18
2,90,312.00,281.00,275.00,209.38,180.04,151.98
2,91,312.80,281.80,275.80,210.56,181.14,157.94
2,92,313.60,282.60,276.60,211.74,182.25,158.97
2,93,314.40,283.40,277.40,212.94,183.36,160.29
2,94,315.20,284.20,278.20,215.44,184.48,161.45
2,95,316.00,285.00,279.00,216.50,185.57,162.83
2,96,316.80,285.80,279.80,217.58,187.80,166.48
2,97,317.60,286.60,280.60,218.65,188.60,167.52
2,98,318.40,287.40,281.40,219.72,189.40,174.36
2,99,319.20,288.20,282.20,225.06,190.20,177.13
2,100,320.00,289.00,283.00,240.00,191.00,178.00
2,101,323.20,291.89,285.83,242.40,192.91,179.78
2,102,326.40,294.78,288.66,244.80,194.82,181.56
2,103,329.60,297.67,291.49,247.20,196.73,183.34
2,104,332.80,300.56,294.32,249.60,198.64,185.12
2,105,336.00,303.45,297.15,252.00,200.55,186.90
2,106,339.20,306.34,299.98,254.40,202.46,188.68
2,107,342.40,309.23,302.81,256.80,204.37,190.46
2,108,345.60,312.12,305.64,259.20,206.28,192.24
2,109,348.80,315.01,308.47,261.60,208.19,194.02
2,110,352.00,317.90,311.30,264.00,210.10,195.80
2,111,355.20,320.79,314.13,266.40,212.01,197.58
2,112,358.40,323.68,316.96,268.80,213.92,199.36
2,113,361.60,326.57,319.79,271.20,215.83,201.14
2,114,364.80,329.46,322.62,273.60,217.74,202.92
2,115,368.00,332.35,325.45,276.00,219.65,204.70
2,116,371.20,335.24,328.28,278.40,221.56,206.48
2,117,374.40,338.13,331.11,280.80,223.47,208.26
2,118,377.60,341.02,333.94,283.20,225.38,210.04
2,119,380.80,343.91,336.77,285.60,227.29,211.82
2,120,384.00,346.80,339.60,288.00,229.20,213.60
2,121,387.20,349.69,342.43,290.40,231.11,215.38
2,122,390.40,352.58,345.26,292.80,233.02,217.16
2,123,393.60,355.47,348.09,295.20,234.93,218.94
2,124,396.80,358.36,350.92,297.60,236.84,220.72
2,125,400.00,361.25,353.75,300.00,238.75,222.50
2,126,403.20,364.14,356.58,302.40,240.66,224.28
2,127,406.40,367.03,359.41,304.80,242.57,226.06
2,128,409.60,369.92,362.24,307.20,244.48,227.84
2,129,412.80,372.81,365.07,309.60,246.39,229.62
2,130,416.00,375.70,367.90,312.00,248.30,231.40
2,131,419.20,378.59,370.73,314.40,250.21,233.18
2,132,422.40,381.48,373.56,316.80,252.12,234.96
2,133,425.60,384.37,376.39,319.20,254.03,236.74
2,134,428.80,387.26,379.22,321.60,255.94,238.52
2,135,432.00,390.15,382.05,324.00,257.85,240.30
2,136,435.20,393.04,384.88,326.40,259.76,242.08
2,137,438.40,395.93,387.71,328.80,261.67,243.86
2,138,441.60,398.82,390.54,331.20,263.58,245.64
2,139,444.80,401.71,393.37,333.60,265.49,247.42
2,140,448.00,404.60,396.20,336.00,267.40,249.20
2,141,451.20,407.49,399.03,338.40,269.31,250.98
2,142,454.40,410.38,401.86,340.80,271.22,252.76
2,143,457.60,413.27,404.69,343.20,273.13,254.54
2,144,460.80,416.16,407.52,345.60,275.04,256.32
2,145,464.00,419.05,410.35,348.00,276.95,258.10
2,146,467.20,421.94,413.18,350.40,278.86,259.88
2,147,470.40,424.83,416.01,352.80,280.77,261.66
2,148,473.60,427.72,418.84,355.20,282.68,263.44
2,149,476.80,430.61,421.67,357.60,284.59,265.22
2,150,480.00,433.50,424.50,360.00,286.50,267.00
3,1,93.71,62.71,53.04,31.15,26.30,23.42
3,2,94.09,63.09,56.76,31.77,27.59,23.86
3,3,100.97,69.97,60.03,32.81,28.48,26.49
3,4,102.44,71.44,63.65,33.94,29.48,27.35
3,5,102.87,71.87,64.20,35.07,30.43,27.78
3,6,111.39,80.39,73.81,36.38,31.62,30.28
3,7,115.59,84.59,77.02,41.13,34.65,33.19
3,8,116.01,85.01,79.24,44.50,37.81,35.13
3,9,116.59,85.59,82.66,47.92,39.47,35.39
3,10,117.71,86.71,85.00,49.56,42.09,35.64
3,11,133.10,102.10,89.68,51.00,44.32,38.37
3,12,136.48,105.48,94.26,56.94,46.93,44.96
3,13,137.52,106.52,98.98,58.55,49.37,47.29
3,14,138.80,107.80,102.85,61.13,51.93,47.99
3,15,139.46,108.46,106.32,64.54,53.19,50.97
3,16,152.44,121.44,107.40,66.72,54.96,52.58
3,17,153.74,122.74,110.95,68.67,56.60,54.23
3,18,154.41,123.41,112.20,72.51,58.46,55.94
3,19,154.68,123.68,116.97,72.91,60.07,57.55
3,20,155.22,124.22,120.42,76.02,62.66,58.29
3,21,160.90,129.90,122.75,78.96,65.10,60.20
3,22,168.09,137.09,125.35,80.26,68.24,63.93
3,23,168.83,137.83,127.75,87.86,69.74,65.38
3,24,169.40,138.40,127.99,88.65,72.52,69.48
3,25,169.97,138.97,132.58,90.49,74.58,69.92
3,26,181.00,150.00,136.33,92.96,76.63,73.43
3,27,182.12,151.12,140.09,96.93,78.87,75.57
3,28,182.64,151.64,143.73,97.34,81.46,75.88
3,29,183.41,152.41,144.10,97.63,82.98,77.73
3,30,183.70,152.70,148.03,103.37,85.23,79.85
3,31,187.99,156.99,149.74,105.92,88.09,84.41
3,32,191.76,160.76,152.31,112.90,90.05,84.96
3,33,200.81,169.81,155.36,113.80,92.39,86.74
3,34,201.73,170.73,158.83,114.12,94.10,86.99
3,35,202.23,171.23,161.99,114.41,96.96,90.85
3,36,205.59,174.59,165.45,120.07,99.09,92.86
3,37,217.30,186.30,167.68,120.64,100.52,93.53
3,38,218.48,187.48,171.06,123.79,102.04,93.97
3,39,218.97,187.97,171.40,124.19,104.74,94.38
3,40,219.47,188.47,171.60,127.45,107.52,94.81
3,41,228.43,197.43,173.20,133.58,110.12,103.22
3,42,229.34,198.34,184.30,139.25,112.79,105.74
3,43,232.51,201.51,185.41,139.83,115.13,108.79
3,44,243.07,212.07,186.06,140.15,116.55,109.10
3,45,251.31,220.31,186.68,143.40,119.41,109.35
3,46,252.16,221.16,199.06,152.27,120.74,109.62
3,47,255.37,224.37,203.15,153.17,121.01,109.88
3,48,255.84,224.84,207.17,153.44,125.89,110.13
3,49,256.11,225.11,211.30,156.90,126.39,110.36
3,50,257.38,226.38,214.39,167.61,126.66,110.88
3,51,282.59,251.59,214.79,169.92,127.21,121.15
3,52,295.76,264.76,222.01,176.09,134.04,122.84
3,53,297.09,266.09,222.74,176.71,136.76,130.77
3,54,297.65,266.65,231.15,180.67,138.42,131.59
3,55,302.27,271.27,232.00,181.22,138.97,132.10
3,56,317.47,286.47,240.03,181.77,139.52,132.62
3,57,320.34,289.34,245.09,182.34,145.52,133.13
3,58,321.56,290.56,250.73,182.90,146.14,133.65
3,59,322.13,291.13,257.15,183.77,147.01,134.25
3,60,322.70,291.70,262.88,194.05,147.56,138.59
3,61,332.99,301.99,267.80,195.10,148.13,142.47
3,62,342.33,311.33,271.64,195.76,148.67,143.02
3,63,343.31,312.31,277.02,202.70,149.22,143.54
3,64,353.20,322.20,278.17,204.99,152.15,146.34
3,65,355.36,324.36,286.77,205.60,156.18,150.22
3,66,356.26,325.26,287.66,210.13,156.73,150.75
3,67,373.97,342.97,299.02,211.86,159.87,153.77
3,68,375.96,344.96,304.56,213.44,161.15,155.01
3,69,376.52,345.52,309.55,214.09,164.72,158.17
3,70,377.11,346.11,315.99,225.30,179.54,162.61
3,71,377.66,346.66,321.01,226.43,181.96,163.18
3,72,387.85,356.85,325.99,226.98,182.51,163.75
3,73,395.30,364.30,333.32,227.56,183.09,164.31
3,74,396.05,365.05,334.09,228.11,183.64,164.88
3,75,397.22,366.22,342.34,229.54,184.75,166.03
3,76,407.38,376.38,343.53,230.65,185.84,167.15
3,77,408.40,377.40,344.68,231.77,186.96,168.31
3,78,409.20,378.20,360.45,232.97,188.06,169.64
3,79,410.00,379.00,362.03,234.20,189.17,170.68
3,80,410.80,379.80,372.35,235.41,189.97,171.71
3,81,419.70,388.70,379.27,236.62,191.29,174.57
3,82,420.60,389.60,380.07,256.12,192.29,181.88
3,83,421.40,390.40,382.40,259.35,195.31,183.02
3,84,422.20,391.20,383.20,260.48,196.43,188.94
3,85,423.00,392.00,384.00,261.59,200.90,193.24
3,86,423.80,392.80,384.80,262.69,207.09,194.93
3,87,424.60,393.60,385.60,263.91,208.18,200.26
3,88,425.40,394.40,386.40,265.25,209.32,201.06
3,89,426.20,395.20,387.20,266.36,210.42,201.86
3,90,427.00,396.00,388.00,272.66,211.52,202.66
3,91,427.80,396.80,388.80,273.77,212.63,204.53
3,92,428.60,397.60,389.60,274.88,213.74,205.60
3,93,429.40,398.40,390.40,276.00,214.84,206.66
3,94,430.20,399.20,391.20,277.11,215.97,207.73
3,95,431.00,400.00,392.00,278.84,217.07,208.81
3,96,431.80,400.80,392.80,279.95,218.07,209.77
3,97,432.60,401.60,393.60,281.32,219.29,210.93
3,98,433.40,402.40,394.40,282.43,220.09,212.02
3,99,434.20,403.20,395.20,283.56,221.52,213.08
3,100,435.00,404.00,396.00,301.00,239.00,229.00
3,101,439.35,408.04,399.96,304.01,241.39,231.29
3,102,443.70,412.08,403.92,307.02,243.78,233.58
3,103,448.05,416.12,407.88,310.03,246.17,235.87
3,104,452.40,420.16,411.84,313.04,248.56,238.16
3,105,456.75,424.20,415.80,316.05,250.95,240.45
3,106,461.10,428.24,419.76,319.06,253.34,242.74
3,107,465.45,432.28,423.72,322.07,255.73,245.03
3,108,469.80,436.32,427.68,325.08,258.12,247.32
3,109,474.15,440.36,431.64,328.09,260.51,249.61
3,110,478.50,444.40,435.60,331.10,262.90,251.90
3,111,482.85,448.44,439.56,334.11,265.29,254.19
3,112,487.20,452.48,443.52,337.12,267.68,256.48
3,113,491.55,456.52,447.48,340.13,270.07,258.77
3,114,495.90,460.56,451.44,343.14,272.46,261.06
3,115,500.25,464.60,455.40,346.15,274.85,263.35
3,116,504.60,468.64,459.36,349.16,277.24,265.64
3,117,508.95,472.68,463.32,352.17,279.63,267.93
3,118,513.30,476.72,467.28,355.18,282.02,270.22
3,119,517.65,480.76,471.24,358.19,284.41,272.51
3,120,522.00,484.80,475.20,361.20,286.80,274.80
3,121,526.35,488.84,479.16,364.21,289.19,277.09
3,122,530.70,492.88,483.12,367.22,291.58,279.38
3,123,535.05,496.92,487.08,370.23,293.97,281.67
3,124,539.40,500.96,491.04,373.24,296.36,283.96
3,125,543.75,505.00,495.00,376.25,298.75,286.25
3,126,548.10,509.04,498.96,379.26,301.14,288.54
3,127,552.45,513.08,502.92,382.27,303.53,290.83
3,128,556.80,517.12,506.88,385.28,305.92,293.12
3,129,561.15,521.16,510.84,388.29,308.31,295.41
3,130,565.50,525.20,514.80,391.30,310.70,297.70
3,131,569.85,529.24,518.76,394.31,313.09,299.99
3,132,574.20,533.28,522.72,397.32,315.48,302.28
3,133,578.55,537.32,526.68,400.33,317.87,304.57
3,134,582.90,541.36,530.64,403.34,320.26,306.86
3,135,587.25,545.40,534.60,406.35,322.65,309.15
3,136,591.60,549.44,538.56,409.36,325.04,311.44
3,137,595.95,553.48,542.52,412.37,327.43,313.73
3,138,600.30,557.52,546.48,415.38,329.82,316.02
3,139,604.65,561.56,550.44,418.39,332.21,318.31
3,140,609.00,565.60,554.40,421.40,334.60,320.60
3,141,613.35,569.64,558.36,424.41,336.99,322.89
3,142,617.70,573.68,562.32,427.42,339.38,325.18
3,143,622.05,577.72,566.28,430.43,341.77,327.47
3,144,626.40,581.76,570.24,433.44,344.16,329.76
3,145,630.75,585.80,574.20,436.45,346.55,332.05
3,146,635.10,589.84,578.16,439.46,348.94,334.34
3,147,639.45,593.88,582.12,442.47,351.33,336.63
3,148,643.80,597.92,586.08,445.48,353.72,338.92
3,149,648.15,601.96,590.04,448.49,356.11,341.21
3,150,652.50,606.00,594.00,451.50,358.50,343.50
4,1,111.40,80.40,69.96,34.13,27.42,23.90
4,2,118.79,87.79,80.46,34.44,28.48,24.35
4,3,128.23,97.23,89.23,36.47,30.16,27.02
4,4,139.75,108.75,95.77,39.50,32.65,29.38
4,5,142.05,111.05,102.83,43.88,35.49,30.99
4,6,155.88,124.88,113.34,47.83,38.68,35.40
4,7,161.46,130.46,121.29,51.89,41.96,38.26
4,8,167.13,136.13,128.08,55.50,44.90,39.57
4,9,171.97,140.97,137.81,59.99,48.51,42.23
4,10,173.56,142.56,138.97,64.62,52.25,43.33
4,11,204.91,173.91,153.05,65.50,54.65,47.78
4,12,208.82,177.82,161.48,71.28,57.65,52.13
4,13,212.81,181.81,170.78,72.37,59.86,53.24
4,14,220.78,189.78,179.47,78.85,63.77,57.76
4,15,224.08,193.08,184.11,82.68,66.88,60.34
4,16,237.67,206.67,192.78,86.28,69.79,62.44
4,17,249.20,218.20,200.14,90.01,72.81,65.04
4,18,250.53,219.53,206.16,93.25,75.46,67.53
4,19,250.78,219.78,211.06,96.05,77.70,69.88
4,20,251.80,220.80,216.47,99.73,80.70,71.23
4,21,271.88,240.88,229.73,103.48,83.73,73.58
4,22,278.09,247.09,235.66,110.42,86.04,76.79
4,23,284.94,253.94,242.06,114.40,89.13,81.90
4,24,288.58,257.58,242.70,116.97,91.98,83.97
4,25,297.19,266.19,247.73,118.05,93.73,86.75
4,26,312.59,281.59,263.22,124.75,97.21,89.59
4,27,314.13,283.13,267.65,129.03,99.68,92.98
4,28,327.34,296.34,275.38,129.46,101.98,95.31
4,29,334.10,303.10,282.08,132.25,104.99,98.06
4,30,334.78,303.78,285.45,134.28,108.63,98.34
4,31,347.68,316.68,294.94,137.89,111.56,101.20
4,32,354.39,323.39,301.36,141.82,114.74,104.08
4,33,359.69,328.69,310.45,150.79,117.93,108.33
4,34,366.66,335.66,317.48,151.72,120.41,108.76
4,35,367.38,336.38,318.19,152.00,123.01,111.91
4,36,380.69,349.69,331.55,155.17,125.56,116.10
4,37,388.84,357.84,339.72,155.53,128.60,116.53
4,38,394.44,363.44,345.35,161.37,131.85,119.88
4,39,400.73,369.73,348.36,161.96,134.07,122.08
4,40,401.38,370.38,349.01,169.64,137.26,122.33
4,41,414.26,383.26,361.79,171.60,138.86,126.72
4,42,419.16,388.16,366.68,177.19,141.69,129.60
4,43,429.10,398.10,376.55,181.14,143.85,132.02
4,44,435.72,404.72,383.16,188.79,147.11,134.96
4,45,440.15,409.15,391.23,195.19,149.25,135.39
4,46,446.69,415.69,397.81,199.07,152.25,143.47
4,47,447.35,416.35,398.48,199.48,154.79,144.29
4,48,447.55,416.55,398.77,206.04,157.54,144.55
4,49,447.75,416.75,399.02,206.72,157.86,144.78
4,50,449.41,418.41,400.14,211.28,162.80,145.27
4,51,482.61,451.61,417.73,214.73,166.41,155.03
4,52,515.01,484.01,454.61,219.59,171.75,156.01
4,53,518.25,487.25,458.30,230.81,174.17,158.30
4,54,518.77,487.77,469.16,231.95,176.89,158.88
4,55,522.31,491.31,472.68,232.52,178.44,163.88
4,56,522.83,491.83,473.20,233.08,178.99,164.46
4,57,523.75,492.75,474.13,233.64,184.48,168.57
4,58,524.35,493.35,474.73,234.21,185.03,169.16
4,59,536.08,505.08,486.48,239.27,191.43,169.72
4,60,537.26,506.26,487.66,240.28,192.51,170.28
4,61,557.63,526.63,508.07,240.84,193.06,179.31
4,62,565.64,534.64,510.12,246.04,193.63,182.16
4,63,570.45,539.45,520.40,246.76,194.19,182.75
4,64,570.97,539.97,521.43,255.97,194.75,183.30
4,65,575.61,544.61,526.10,262.39,195.30,187.86
4,66,591.79,560.79,545.79,268.04,197.49,189.96
4,67,600.24,569.24,551.09,268.66,197.99,190.44
4,68,601.09,570.09,551.62,269.29,203.49,195.74
4,69,601.67,570.67,552.20,269.99,204.05,196.27
4,70,602.19,571.19,552.71,278.93,211.19,200.92
4,71,604.04,573.04,554.58,279.83,211.92,201.50
4,72,640.97,609.97,591.58,285.78,212.46,203.11
4,73,644.67,613.67,595.29,292.01,213.50,203.70
4,74,645.26,614.26,595.86,292.64,214.04,204.27
4,75,646.29,615.29,596.91,293.77,215.15,205.41
4,76,649.58,618.58,600.21,294.90,216.26,206.54
4,77,652.10,621.10,602.74,296.02,220.68,207.68
4,78,663.84,632.84,617.54,297.15,224.93,208.83
4,79,665.02,634.02,619.02,298.26,226.03,209.96
4,80,666.57,635.57,620.56,299.40,227.14,211.21
4,81,697.39,666.39,648.10,300.52,228.24,212.24
4,82,700.92,669.92,650.86,319.27,229.36,220.59
4,83,701.98,670.98,652.71,321.17,230.47,221.68
4,84,703.07,672.07,653.81,322.28,233.90,224.98
4,85,704.15,673.15,654.89,324.22,245.87,228.95
4,86,706.08,675.08,656.81,325.45,247.09,229.75
4,87,730.31,699.31,681.10,326.98,248.18,230.55
4,88,732.74,701.74,683.55,328.10,249.29,231.35
4,89,754.79,723.79,702.48,329.21,250.40,232.15
4,90,757.00,726.00,710.18,330.34,251.52,232.95
4,91,757.80,726.80,711.80,331.56,252.61,242.99
4,92,758.60,727.60,712.60,350.37,253.72,244.04
4,93,759.40,728.40,713.40,352.26,254.83,245.13
4,94,760.20,729.20,714.20,362.34,255.96,246.20
4,95,761.00,730.00,715.00,363.48,257.06,247.27
4,96,761.80,730.80,715.80,364.61,264.41,254.34
4,97,762.60,731.60,716.60,365.71,270.80,260.47
4,98,763.40,732.40,717.40,366.84,271.90,261.54
4,99,764.20,733.20,718.20,368.34,278.32,267.70
4,100,765.00,734.00,719.00,395.00,308.00,294.00
4,101,772.65,741.34,726.19,398.95,311.08,296.94
4,102,780.30,748.68,733.38,402.90,314.16,299.88
4,103,787.95,756.02,740.57,406.85,317.24,302.82
4,104,795.60,763.36,747.76,410.80,320.32,305.76
4,105,803.25,770.70,754.95,414.75,323.40,308.70
4,106,810.90,778.04,762.14,418.70,326.48,311.64
4,107,818.55,785.38,769.33,422.65,329.56,314.58
4,108,826.20,792.72,776.52,426.60,332.64,317.52
4,109,833.85,800.06,783.71,430.55,335.72,320.46
4,110,841.50,807.40,790.90,434.50,338.80,323.40
4,111,849.15,814.74,798.09,438.45,341.88,326.34
4,112,856.80,822.08,805.28,442.40,344.96,329.28
4,113,864.45,829.42,812.47,446.35,348.04,332.22
4,114,872.10,836.76,819.66,450.30,351.12,335.16
4,115,879.75,844.10,826.85,454.25,354.20,338.10
4,116,887.40,851.44,834.04,458.20,357.28,341.04
4,117,895.05,858.78,841.23,462.15,360.36,343.98
4,118,902.70,866.12,848.42,466.10,363.44,346.92
4,119,910.35,873.46,855.61,470.05,366.52,349.86
4,120,918.00,880.80,862.80,474.00,369.60,352.80
4,121,925.65,888.14,869.99,477.95,372.68,355.74
4,122,933.30,895.48,877.18,481.90,375.76,358.68
4,123,940.95,902.82,884.37,485.85,378.84,361.62
4,124,948.60,910.16,891.56,489.80,381.92,364.56
4,125,956.25,917.50,898.75,493.75,385.00,367.50
4,126,963.90,924.84,905.94,497.70,388.08,370.44
4,127,971.55,932.18,913.13,501.65,391.16,373.38
4,128,979.20,939.52,920.32,505.60,394.24,376.32
4,129,986.85,946.86,927.51,509.55,397.32,379.26
4,130,994.50,954.20,934.70,513.50,400.40,382.20
4,131,1002.15,961.54,941.89,517.45,403.48,385.14
4,132,1009.80,968.88,949.08,521.40,406.56,388.08
4,133,1017.45,976.22,956.27,525.35,409.64,391.02
4,134,1025.10,983.56,963.46,529.30,412.72,393.96
4,135,1032.75,990.90,970.65,533.25,415.80,396.90
4,136,1040.40,998.24,977.84,537.20,418.88,399.84
4,137,1048.05,1005.58,985.03,541.15,421.96,402.78
4,138,1055.70,1012.92,992.22,545.10,425.04,405.72
4,139,1063.35,1020.26,999.41,549.05,428.12,408.66
4,140,1071.00,1027.60,1006.60,553.00,431.20,411.60
4,141,1078.65,1034.94,1013.79,556.95,434.28,414.54
4,142,1086.30,1042.28,1020.98,560.90,437.36,417.48
4,143,1093.95,1049.62,1028.17,564.85,440.44,420.42
4,144,1101.60,1056.96,1035.36,568.80,443.52,423.36
4,145,1109.25,1064.30,1042.55,572.75,446.60,426.30
4,146,1116.90,1071.64,1049.74,576.70,449.68,429.24
4,147,1124.55,1078.98,1056.93,580.65,452.76,432.18
4,148,1132.20,1086.32,1064.12,584.60,455.84,435.12
4,149,1139.85,1093.66,1071.31,588.55,458.92,438.06
4,150,1147.50,1101.00,1078.50,592.50,462.00,441.00
5,1,119.90,88.90,77.51,40.93,33.31,29.88
5,2,126.45,95.45,87.44,43.63,36.19,30.41
5,3,140.09,109.09,96.87,48.05,39.85,33.73
5,4,150.46,119.46,105.18,56.12,46.52,37.91
5,5,151.53,120.53,115.43,62.31,51.70,39.46
5,6,171.97,140.97,121.92,68.06,56.44,46.49
5,7,178.91,147.91,133.74,74.35,61.69,47.40
5,8,184.66,153.66,141.05,81.14,67.30,50.96
5,9,185.24,154.24,151.21,87.11,72.25,53.02
5,10,187.39,156.39,153.32,93.04,77.17,56.99
5,11,230.39,199.39,171.51,93.66,82.52,60.24
5,12,239.83,208.83,179.34,106.04,87.18,69.78
5,13,244.46,213.46,187.66,111.38,92.41,71.12
5,14,244.93,213.93,195.60,117.81,97.73,75.36
5,15,246.28,215.28,203.48,122.36,101.51,78.63
5,16,273.13,242.13,209.01,126.36,104.81,84.29
5,17,275.82,244.82,217.80,134.93,109.85,85.09
5,18,276.11,245.11,222.30,139.56,113.64,88.27
5,19,276.35,245.35,227.00,145.27,118.28,91.49
5,20,276.84,245.84,235.76,149.24,123.79,95.29
5,21,286.31,255.31,243.51,157.19,127.97,95.68
5,22,293.71,262.71,256.37,161.59,131.58,101.71
5,23,306.22,275.22,265.07,166.21,135.33,104.67
5,24,317.33,286.33,265.94,172.67,140.58,108.60
5,25,318.45,287.45,269.32,178.63,145.41,112.34
5,26,333.04,302.04,286.30,184.44,150.18,116.00
5,27,334.50,303.50,288.50,190.98,155.49,122.24
5,28,348.86,317.86,296.73,195.48,159.19,122.90
5,29,350.30,319.30,298.46,200.16,162.98,126.09
5,30,353.11,322.11,301.24,206.72,168.30,130.02
5,31,367.49,336.49,315.55,211.35,172.08,135.92
5,32,368.93,337.93,320.00,212.44,176.24,136.51
5,33,391.53,360.53,330.71,221.08,180.00,140.26
5,34,393.80,362.80,339.87,224.60,186.30,143.66
5,35,394.21,363.21,345.37,225.41,189.99,147.27
5,36,401.54,370.54,349.41,233.67,193.89,147.79
5,37,414.08,383.08,358.98,234.52,198.90,154.07
5,38,421.06,390.06,371.05,234.83,202.92,157.72
5,39,426.26,395.26,373.87,239.78,206.96,161.18
5,40,426.78,395.78,378.07,259.91,211.63,162.64
5,41,436.90,405.90,384.59,261.93,215.51,168.44
5,42,443.11,412.11,394.47,270.31,220.06,172.77
5,43,454.16,423.16,401.73,274.83,223.73,175.97
5,44,465.73,434.73,413.23,279.69,227.72,179.60
5,45,470.03,439.03,421.50,283.60,230.88,183.53
5,46,482.02,451.02,433.52,287.90,233.24,190.09
5,47,483.79,452.79,434.73,291.92,233.54,190.76
5,48,487.06,456.06,434.94,296.23,233.83,197.08
5,49,487.39,456.39,439.08,296.67,234.09,197.72
5,50,489.60,458.60,441.13,302.00,234.54,198.09
5,51,533.77,502.77,477.59,312.82,243.39,205.48
5,52,543.62,512.62,487.34,313.93,256.78,206.22
5,53,553.71,522.71,503.79,314.66,258.67,217.68
5,54,554.73,523.73,505.44,329.11,259.28,221.73
5,55,556.02,525.02,506.66,330.57,259.87,225.00
5,56,570.43,539.43,521.16,331.45,260.62,229.08
5,57,571.88,540.88,522.61,347.68,275.33,232.60
5,58,572.40,541.40,523.12,349.31,276.82,236.25
5,59,580.55,549.55,531.30,349.99,277.43,239.22
5,60,581.38,550.38,532.13,363.27,285.16,239.84
5,61,597.32,566.32,548.08,364.62,285.95,247.97
5,62,604.35,573.35,549.68,365.33,286.55,251.38
5,63,605.17,574.17,555.97,379.50,292.47,255.32
5,64,621.28,590.28,572.10,380.93,293.07,258.73
5,65,627.71,596.71,578.56,381.48,300.85,261.44
5,66,646.30,615.30,597.19,387.24,301.64,262.06
5,67,648.17,617.17,599.06,387.86,302.23,262.69
5,68,655.79,624.79,606.69,388.52,302.83,272.74
5,69,657.54,626.54,608.44,389.15,304.15,273.76
5,70,658.07,627.07,608.99,389.78,329.94,280.68
5,71,659.20,628.20,610.10,390.41,332.54,283.06
5,72,680.30,649.30,622.76,391.06,333.13,286.99
5,73,682.42,651.42,632.86,391.67,338.61,288.22
5,74,682.95,651.95,633.88,392.32,339.20,288.85
5,75,684.00,653.00,634.96,393.59,346.04,290.13
5,76,689.58,658.58,640.55,400.10,348.53,291.37
5,77,710.65,679.65,661.65,420.87,349.73,292.64
5,78,723.07,692.07,676.80,423.71,366.49,293.89
5,79,724.32,693.32,678.32,455.84,368.18,295.17
5,80,727.05,696.05,680.92,459.07,369.38,296.41
5,81,781.47,750.47,732.86,460.17,370.57,297.80
5,82,786.92,755.92,738.06,469.54,371.75,320.12
5,83,787.99,756.99,739.13,470.82,372.96,323.57
5,84,789.06,758.06,740.21,472.09,374.15,324.85
5,85,790.13,759.13,741.28,481.88,389.44,336.61
5,86,792.87,761.87,744.03,483.59,390.98,337.88
5,87,796.27,765.27,747.43,511.95,392.18,339.14
5,88,797.94,766.94,749.10,514.81,393.38,339.94
5,89,831.14,800.14,771.37,516.07,394.55,340.74
5,90,835.82,804.82,775.98,517.33,395.76,341.54
5,91,836.84,805.84,787.93,518.62,396.95,344.16
5,92,837.87,806.87,789.13,519.89,398.14,345.44
5,93,838.90,807.90,790.16,521.16,399.33,346.71
5,94,839.93,808.93,791.20,522.45,400.52,347.96
5,95,845.74,814.74,793.54,523.72,401.74,349.22
5,96,851.19,820.19,802.47,524.99,408.83,350.48
5,97,857.94,826.94,803.37,526.20,410.02,351.75
5,98,860.23,829.23,805.68,527.33,411.22,352.99
5,99,901.91,870.91,851.87,530.29,435.16,367.22
5,100,907.00,876.00,858.00,586.00,458.00,406.00
5,101,916.07,884.76,866.58,591.86,462.58,410.06
5,102,925.14,893.52,875.16,597.72,467.16,414.12
5,103,934.21,902.28,883.74,603.58,471.74,418.18
5,104,943.28,911.04,892.32,609.44,476.32,422.24
5,105,952.35,919.80,900.90,615.30,480.90,426.30
5,106,961.42,928.56,909.48,621.16,485.48,430.36
5,107,970.49,937.32,918.06,627.02,490.06,434.42
5,108,979.56,946.08,926.64,632.88,494.64,438.48
5,109,988.63,954.84,935.22,638.74,499.22,442.54
5,110,997.70,963.60,943.80,644.60,503.80,446.60
5,111,1006.77,972.36,952.38,650.46,508.38,450.66
5,112,1015.84,981.12,960.96,656.32,512.96,454.72
5,113,1024.91,989.88,969.54,662.18,517.54,458.78
5,114,1033.98,998.64,978.12,668.04,522.12,462.84
5,115,1043.05,1007.40,986.70,673.90,526.70,466.90
5,116,1052.12,1016.16,995.28,679.76,531.28,470.96
5,117,1061.19,1024.92,1003.86,685.62,535.86,475.02
5,118,1070.26,1033.68,1012.44,691.48,540.44,479.08
5,119,1079.33,1042.44,1021.02,697.34,545.02,483.14
5,120,1088.40,1051.20,1029.60,703.20,549.60,487.20
5,121,1097.47,1059.96,1038.18,709.06,554.18,491.26
5,122,1106.54,1068.72,1046.76,714.92,558.76,495.32
5,123,1115.61,1077.48,1055.34,720.78,563.34,499.38
5,124,1124.68,1086.24,1063.92,726.64,567.92,503.44
5,125,1133.75,1095.00,1072.50,732.50,572.50,507.50
5,126,1142.82,1103.76,1081.08,738.36,577.08,511.56
5,127,1151.89,1112.52,1089.66,744.22,581.66,515.62
5,128,1160.96,1121.28,1098.24,750.08,586.24,519.68
5,129,1170.03,1130.04,1106.82,755.94,590.82,523.74
5,130,1179.10,1138.80,1115.40,761.80,595.40,527.80
5,131,1188.17,1147.56,1123.98,767.66,599.98,531.86
5,132,1197.24,1156.32,1132.56,773.52,604.56,535.92
5,133,1206.31,1165.08,1141.14,779.38,609.14,539.98
5,134,1215.38,1173.84,1149.72,785.24,613.72,544.04
5,135,1224.45,1182.60,1158.30,791.10,618.30,548.10
5,136,1233.52,1191.36,1166.88,796.96,622.88,552.16
5,137,1242.59,1200.12,1175.46,802.82,627.46,556.22
5,138,1251.66,1208.88,1184.04,808.68,632.04,560.28
5,139,1260.73,1217.64,1192.62,814.54,636.62,564.34
5,140,1269.80,1226.40,1201.20,820.40,641.20,568.40
5,141,1278.87,1235.16,1209.78,826.26,645.78,572.46
5,142,1287.94,1243.92,1218.36,832.12,650.36,576.52
5,143,1297.01,1252.68,1226.94,837.98,654.94,580.58
5,144,1306.08,1261.44,1235.52,843.84,659.52,584.64
5,145,1315.15,1270.20,1244.10,849.70,664.10,588.70
5,146,1324.22,1278.96,1252.68,855.56,668.68,592.76
5,147,1333.29,1287.72,1261.26,861.42,673.26,596.82
5,148,1342.36,1296.48,1269.84,867.28,677.84,600.88
5,149,1351.43,1305.24,1278.42,873.14,682.42,604.94
5,150,1360.50,1314.00,1287.00,879.00,687.00,609.00
6,1,124.59,93.59,84.01,46.49,40.01,34.16
6,2,129.30,98.30,96.37,51.44,45.11,36.43
6,3,148.31,117.31,103.36,59.10,51.83,42.35
6,4,154.81,123.81,116.03,68.30,59.88,44.55
6,5,155.96,124.96,119.73,76.27,66.89,50.56
6,6,178.46,147.46,135.37,86.40,74.36,59.39
6,7,184.53,153.53,145.00,95.42,83.64,62.67
6,8,191.76,160.76,154.78,105.94,92.55,68.80
6,9,192.49,161.49,158.32,116.98,96.41,71.04
6,10,194.73,163.73,160.51,122.62,107.51,75.44
6,11,239.22,208.22,185.64,124.62,116.05,83.65
6,12,248.04,217.04,194.70,145.29,119.69,88.84
6,13,248.93,217.93,202.61,151.90,133.18,90.82
6,14,249.22,218.22,210.45,161.19,135.30,95.44
6,15,250.59,219.59,214.33,172.89,148.81,100.62
6,16,277.98,246.98,225.48,180.48,155.34,104.85
6,17,280.73,249.73,230.72,185.15,162.34,109.06
6,18,281.03,250.03,235.79,196.42,169.07,112.97
6,19,281.26,250.26,241.12,203.62,175.24,116.77
6,20,282.04,251.04,242.62,206.96,181.48,121.12
6,21,297.38,266.38,261.14,218.34,182.11,126.89
6,22,299.26,268.26,263.00,225.48,194.05,131.32
6,23,320.90,289.90,273.30,233.62,201.07,136.72
6,24,323.07,292.07,275.85,237.61,208.41,141.22
6,25,328.75,297.75,279.67,250.00,215.19,145.21
6,26,350.69,319.69,303.38,258.51,222.49,149.72
6,27,352.89,321.89,306.89,267.28,230.03,153.66
6,28,360.56,329.56,309.13,274.13,235.91,167.53
6,29,361.33,330.33,309.42,276.28,242.27,172.47
6,30,362.76,331.76,313.79,283.83,248.91,177.96
6,31,391.09,360.09,338.39,295.81,254.60,187.03
6,32,393.93,362.93,345.10,304.47,262.06,187.96
6,33,400.40,369.40,348.28,312.61,269.09,193.43
6,34,401.06,370.06,352.25,322.06,277.23,196.58
6,35,401.72,370.72,352.91,325.65,285.55,196.92
6,36,414.70,383.70,365.94,334.37,293.22,197.69
6,37,433.39,402.39,384.70,343.43,301.19,212.53
6,38,439.84,408.84,391.19,357.77,308.86,217.01
6,39,440.49,409.49,391.85,367.54,316.34,222.14
6,40,441.64,410.64,393.00,375.88,323.52,222.67
6,41,464.36,433.36,411.88,384.37,330.83,231.04
6,42,466.64,435.64,418.09,385.32,337.92,236.00
6,43,474.57,443.57,422.02,393.41,345.87,240.75
6,44,482.32,451.32,433.47,409.65,352.61,245.11
6,45,483.12,452.12,434.62,417.12,359.03,245.55
6,46,498.77,467.77,450.32,423.65,365.10,252.13
6,47,500.89,469.89,452.52,424.43,365.76,252.79
6,48,501.11,470.11,452.74,440.02,378.86,253.16
6,49,501.31,470.31,452.94,447.64,385.30,253.39
6,50,503.34,472.34,454.93,452.73,391.89,253.88
6,51,543.94,512.94,494.68,479.91,412.28,263.67
6,52,562.78,531.78,506.30,486.38,418.55,294.99
6,53,564.67,533.67,515.05,487.04,419.19,298.16
6,54,565.21,534.21,515.93,487.64,420.10,298.82
6,55,566.53,535.53,516.80,488.16,438.08,299.58
6,56,581.24,550.24,531.98,488.67,439.90,314.52
6,57,583.76,552.76,534.50,489.40,454.22,316.02
6,58,595.06,564.06,545.84,489.93,459.49,325.97
6,59,596.21,565.21,546.99,491.17,465.21,326.98
6,60,597.36,566.36,548.15,514.34,472.36,327.86
6,61,620.30,589.30,571.13,516.67,479.06,328.69
6,62,622.71,591.71,573.54,519.45,480.11,345.07
6,63,625.44,594.44,576.28,570.83,497.42,355.86
6,64,643.85,612.85,594.72,580.62,499.16,361.44
6,65,647.70,616.70,598.57,592.91,499.70,362.06
6,66,666.60,635.60,617.52,598.10,500.57,364.56
6,67,668.49,637.49,619.42,598.69,501.12,365.19
6,68,669.06,638.06,619.98,599.23,501.67,365.82
6,69,670.09,639.09,621.00,605.33,503.38,366.46
6,70,670.63,639.63,621.55,605.94,529.82,367.08
6,71,671.82,640.82,622.74,616.85,532.47,367.71
6,72,693.30,662.30,635.22,618.55,541.52,368.34
6,73,695.46,664.46,645.89,624.99,542.43,368.97
6,74,696.00,665.00,646.96,625.64,543.19,369.61
6,75,697.07,666.07,648.05,626.68,558.23,370.86
6,76,702.76,671.76,653.74,627.72,566.96,372.13
6,77,729.95,698.95,680.99,628.77,584.30,373.36
6,78,745.54,714.54,699.28,642.54,586.04,374.65
6,79,747.11,716.11,701.11,669.12,589.17,375.89
6,80,749.56,718.56,703.56,671.79,621.24,377.17
6,81,798.55,767.55,750.00,674.50,624.46,381.67
6,82,803.45,772.45,754.65,728.31,625.64,409.41
6,83,804.52,773.52,755.71,739.72,635.52,433.21
6,84,805.62,774.62,756.82,740.87,642.32,435.61
6,85,806.66,775.66,757.85,744.68,643.51,436.86
6,86,808.11,777.11,759.32,745.73,644.68,438.13
6,87,811.59,780.59,762.80,746.77,645.85,439.39
6,88,813.58,782.58,764.80,748.23,647.04,440.66
6,89,853.30,822.30,804.60,749.40,655.02,442.02
6,90,863.59,832.59,814.90,750.57,661.81,443.17
6,91,864.63,833.63,815.94,751.75,662.99,444.42
6,92,865.67,834.67,816.99,752.92,664.17,445.69
6,93,866.70,835.70,817.79,754.12,665.34,446.94
6,94,867.73,836.73,819.04,755.29,666.53,448.21
6,95,868.81,837.81,820.12,778.21,668.55,450.06
6,96,875.00,844.00,826.33,818.53,673.79,486.05
6,97,883.43,852.43,827.13,826.89,687.97,489.66
6,98,888.57,857.57,840.75,831.65,704.06,490.93
6,99,921.68,890.68,872.79,862.54,716.17,512.83
6,100,925.00,894.00,876.00,871.00,727.00,568.00
6,101,934.25,902.94,884.76,879.71,734.27,573.68
6,102,943.50,911.88,893.52,888.42,741.54,579.36
6,103,952.75,920.82,902.28,897.13,748.81,585.04
6,104,962.00,929.76,911.04,905.84,756.08,590.72
6,105,971.25,938.70,919.80,914.55,763.35,596.40
6,106,980.50,947.64,928.56,923.26,770.62,602.08
6,107,989.75,956.58,937.32,931.97,777.89,607.76
6,108,999.00,965.52,946.08,940.68,785.16,613.44
6,109,1008.25,974.46,954.84,949.39,792.43,619.12
6,110,1017.50,983.40,963.60,958.10,799.70,624.80
6,111,1026.75,992.34,972.36,966.81,806.97,630.48
6,112,1036.00,1001.28,981.12,975.52,814.24,636.16
6,113,1045.25,1010.22,989.88,984.23,821.51,641.84
6,114,1054.50,1019.16,998.64,992.94,828.78,647.52
6,115,1063.75,1028.10,1007.40,1001.65,836.05,653.20
6,116,1073.00,1037.04,1016.16,1010.36,843.32,658.88
6,117,1082.25,1045.98,1024.92,1019.07,850.59,664.56
6,118,1091.50,1054.92,1033.68,1027.78,857.86,670.24
6,119,1100.75,1063.86,1042.44,1036.49,865.13,675.92
6,120,1110.00,1072.80,1051.20,1045.20,872.40,681.60
6,121,1119.25,1081.74,1059.96,1053.91,879.67,687.28
6,122,1128.50,1090.68,1068.72,1062.62,886.94,692.96
6,123,1137.75,1099.62,1077.48,1071.33,894.21,698.64
6,124,1147.00,1108.56,1086.24,1080.04,901.48,704.32
6,125,1156.25,1117.50,1095.00,1088.75,908.75,710.00
6,126,1165.50,1126.44,1103.76,1097.46,916.02,715.68
6,127,1174.75,1135.38,1112.52,1106.17,923.29,721.36
6,128,1184.00,1144.32,1121.28,1114.88,930.56,727.04
6,129,1193.25,1153.26,1130.04,1123.59,937.83,732.72
6,130,1202.50,1162.20,1138.80,1132.30,945.10,738.40
6,131,1211.75,1171.14,1147.56,1141.01,952.37,744.08
6,132,1221.00,1180.08,1156.32,1149.72,959.64,749.76
6,133,1230.25,1189.02,1165.08,1158.43,966.91,755.44
6,134,1239.50,1197.96,1173.84,1167.14,974.18,761.12
6,135,1248.75,1206.90,1182.60,1175.85,981.45,766.80
6,136,1258.00,1215.84,1191.36,1184.56,988.72,772.48
6,137,1267.25,1224.78,1200.12,1193.27,995.99,778.16
6,138,1276.50,1233.72,1208.88,1201.98,1003.26,783.84
6,139,1285.75,1242.66,1217.64,1210.69,1010.53,789.52
6,140,1295.00,1251.60,1226.40,1219.40,1017.80,795.20
6,141,1304.25,1260.54,1235.16,1228.11,1025.07,800.88
6,142,1313.50,1269.48,1243.92,1236.82,1032.34,806.56
6,143,1322.75,1278.42,1252.68,1245.53,1039.61,812.24
6,144,1332.00,1287.36,1261.44,1254.24,1046.88,817.92
6,145,1341.25,1296.30,1270.20,1262.95,1054.15,823.60
6,146,1350.50,1305.24,1278.96,1271.66,1061.42,829.28
6,147,1359.75,1314.18,1287.72,1280.37,1068.69,834.96
6,148,1369.00,1323.12,1296.48,1289.08,1075.96,840.64
6,149,1378.25,1332.06,1305.24,1297.79,1083.23,846.32
6,150,1387.50,1341.00,1314.00,1306.50,1090.50,852.00
7,1,134.80,103.80,91.30,49.62,42.67,35.90
7,2,141.68,110.68,104.58,57.18,50.07,40.00
7,3,159.81,128.81,114.01,66.21,58.00,44.76
7,4,170.90,139.90,124.08,77.04,66.24,51.17
7,5,172.84,141.84,128.00,85.81,73.79,56.49
7,6,193.69,162.69,141.65,95.28,82.01,62.75
7,7,200.81,169.81,153.76,105.85,88.65,71.00
7,8,210.84,179.84,163.11,116.64,100.29,77.72
7,9,211.85,180.85,174.94,125.56,109.98,85.29
7,10,213.60,182.60,176.13,136.58,119.63,91.78
7,11,248.53,217.53,198.60,141.06,128.23,98.42
7,12,253.10,222.10,209.41,159.94,132.09,104.65
7,13,272.81,241.81,220.50,164.66,144.23,105.29
7,14,274.79,243.79,230.12,174.76,149.91,110.68
7,15,276.05,245.05,237.74,181.08,158.49,120.92
7,16,300.84,269.84,241.63,188.75,166.61,127.23
7,17,303.32,272.32,247.11,204.10,174.61,127.87
7,18,303.58,272.58,252.43,209.13,175.43,139.67
7,19,303.83,272.83,258.08,222.93,191.69,143.46
7,20,304.63,273.63,266.38,225.73,198.27,143.95
7,21,320.29,289.29,276.19,234.43,205.08,153.43
7,22,334.57,303.57,295.93,243.07,212.92,154.39
7,23,351.17,320.17,299.15,255.74,219.91,167.17
7,24,357.63,326.63,303.06,265.74,222.90,168.46
7,25,358.47,327.47,306.58,270.10,236.57,178.77
7,26,366.66,335.66,317.73,284.55,244.70,184.94
7,27,368.90,337.90,322.90,289.54,252.92,191.43
7,28,382.52,351.52,330.49,293.19,259.45,197.28
7,29,392.64,361.64,340.56,298.69,265.94,203.15
7,30,394.20,363.20,342.10,302.54,273.13,203.75
7,31,406.63,375.63,354.46,318.24,279.04,209.09
7,32,408.44,377.44,356.26,319.83,286.79,210.59
7,33,430.63,399.63,375.00,328.34,293.39,216.04
7,34,439.07,408.07,386.82,349.63,300.68,221.12
7,35,442.88,411.88,394.22,351.87,307.30,226.70
7,36,448.93,417.93,396.53,362.37,315.22,231.35
7,37,462.69,431.69,409.64,363.43,326.43,236.00
7,38,464.08,433.08,415.51,364.93,334.91,240.73
7,39,464.88,433.88,418.88,390.47,343.82,253.34
7,40,476.08,445.08,423.54,397.42,352.25,254.62
7,41,482.39,451.39,429.81,420.31,361.44,254.91
7,42,484.08,453.08,431.48,430.68,370.35,260.27
7,43,506.16,475.16,453.44,436.03,377.22,266.07
7,44,513.87,482.87,461.09,437.09,383.63,271.74
7,45,521.69,490.69,473.22,450.02,390.81,277.41
7,46,527.28,496.28,474.44,459.27,397.12,287.64
7,47,528.73,497.73,480.41,460.20,397.77,288.68
7,48,537.79,506.79,484.88,461.66,407.38,308.67
7,49,538.70,507.70,490.32,472.62,408.35,311.73
7,50,540.79,509.79,492.53,481.84,409.01,312.33
7,51,582.56,551.56,536.56,508.26,422.06,316.03
7,52,607.68,576.68,548.33,517.15,452.17,316.60
7,53,624.50,593.50,552.32,524.75,456.79,317.26
7,54,626.19,595.19,564.72,525.51,457.36,330.34
7,55,637.13,606.13,580.94,536.34,457.93,331.66
7,56,638.23,607.23,589.07,538.17,458.49,333.22
7,57,639.02,608.02,589.89,538.66,467.75,364.24
7,58,640.67,609.67,591.53,545.26,468.69,367.36
7,59,642.37,611.37,593.23,558.24,474.52,373.12
7,60,676.23,645.23,627.19,574.94,485.05,373.76
7,61,696.40,665.40,647.38,580.45,489.03,385.90
7,62,705.92,674.92,649.40,586.26,489.94,392.54
7,63,715.53,684.53,666.56,593.32,507.39,398.84
7,64,727.91,696.91,678.95,617.16,509.15,405.14
7,65,738.70,707.70,680.19,640.66,509.70,411.41
7,66,739.80,708.80,681.16,643.02,510.59,417.01
7,67,740.32,709.32,690.91,651.74,511.15,417.67
7,68,740.83,709.83,691.89,657.54,511.71,418.28
7,69,741.34,710.34,692.29,659.31,513.46,419.20
7,70,742.85,711.85,693.32,660.15,546.71,437.11
7,71,772.91,741.91,713.84,661.21,552.16,447.95
7,72,805.20,774.20,742.86,682.24,552.71,452.81
7,73,808.44,777.44,758.58,684.35,553.28,453.42
7,74,808.95,777.95,760.16,692.26,554.06,454.06
7,75,810.00,779.00,761.19,701.35,569.40,455.33
7,76,830.56,799.56,770.80,705.02,578.30,466.90
7,77,832.64,801.64,783.63,706.08,596.11,468.16
7,78,833.68,802.68,784.92,707.45,606.79,469.46
7,79,836.01,805.01,788.81,734.77,642.79,470.71
7,80,837.65,806.65,790.83,767.41,646.39,471.98
7,81,870.27,839.27,821.77,773.18,648.37,474.08
7,82,873.54,842.54,824.87,775.01,649.49,514.35
7,83,874.63,843.63,825.96,795.67,650.60,518.39
7,84,891.85,860.85,843.22,797.75,661.58,519.65
7,85,893.59,862.59,844.95,799.13,662.70,520.93
7,86,894.63,863.63,846.00,800.18,663.74,522.19
7,87,895.95,864.95,847.32,801.21,668.22,526.50
7,88,899.25,868.25,850.63,807.98,673.40,527.65
7,89,965.16,934.16,915.84,809.77,674.50,528.93
7,90,1001.13,970.13,940.80,830.03,675.64,530.33
7,91,1004.74,973.74,943.30,849.40,676.77,531.48
7,92,1005.78,974.78,944.10,866.67,677.88,532.73
7,93,1007.04,976.04,944.90,868.41,678.99,534.00
7,94,1008.19,977.19,946.49,869.60,680.12,535.29
7,95,1009.25,978.25,947.29,870.78,686.16,536.56
7,96,1010.27,979.27,948.51,876.17,687.27,537.81
7,97,1011.29,980.29,949.31,878.70,701.73,539.11
7,98,1013.63,982.63,952.16,902.92,718.15,540.93
7,99,1060.29,1029.29,1009.10,905.94,750.47,577.27
7,100,1126.00,1095.00,1052.00,947.00,830.00,639.00
7,101,1137.26,1105.95,1062.52,956.47,838.30,645.39
7,102,1148.52,1116.90,1073.04,965.94,846.60,651.78
7,103,1159.78,1127.85,1083.56,975.41,854.90,658.17
7,104,1171.04,1138.80,1094.08,984.88,863.20,664.56
7,105,1182.30,1149.75,1104.60,994.35,871.50,670.95
7,106,1193.56,1160.70,1115.12,1003.82,879.80,677.34
7,107,1204.82,1171.65,1125.64,1013.29,888.10,683.73
7,108,1216.08,1182.60,1136.16,1022.76,896.40,690.12
7,109,1227.34,1193.55,1146.68,1032.23,904.70,696.51
7,110,1238.60,1204.50,1157.20,1041.70,913.00,702.90
7,111,1249.86,1215.45,1167.72,1051.17,921.30,709.29
7,112,1261.12,1226.40,1178.24,1060.64,929.60,715.68
7,113,1272.38,1237.35,1188.76,1070.11,937.90,722.07
7,114,1283.64,1248.30,1199.28,1079.58,946.20,728.46
7,115,1294.90,1259.25,1209.80,1089.05,954.50,734.85
7,116,1306.16,1270.20,1220.32,1098.52,962.80,741.24
7,117,1317.42,1281.15,1230.84,1107.99,971.10,747.63
7,118,1328.68,1292.10,1241.36,1117.46,979.40,754.02
7,119,1339.94,1303.05,1251.88,1126.93,987.70,760.41
7,120,1351.20,1314.00,1262.40,1136.40,996.00,766.80
7,121,1362.46,1324.95,1272.92,1145.87,1004.30,773.19
7,122,1373.72,1335.90,1283.44,1155.34,1012.60,779.58
7,123,1384.98,1346.85,1293.96,1164.81,1020.90,785.97
7,124,1396.24,1357.80,1304.48,1174.28,1029.20,792.36
7,125,1407.50,1368.75,1315.00,1183.75,1037.50,798.75
7,126,1418.76,1379.70,1325.52,1193.22,1045.80,805.14
7,127,1430.02,1390.65,1336.04,1202.69,1054.10,811.53
7,128,1441.28,1401.60,1346.56,1212.16,1062.40,817.92
7,129,1452.54,1412.55,1357.08,1221.63,1070.70,824.31
7,130,1463.80,1423.50,1367.60,1231.10,1079.00,830.70
7,131,1475.06,1434.45,1378.12,1240.57,1087.30,837.09
7,132,1486.32,1445.40,1388.64,1250.04,1095.60,843.48
7,133,1497.58,1456.35,1399.16,1259.51,1103.90,849.87
7,134,1508.84,1467.30,1409.68,1268.98,1112.20,856.26
7,135,1520.10,1478.25,1420.20,1278.45,1120.50,862.65
7,136,1531.36,1489.20,1430.72,1287.92,1128.80,869.04
7,137,1542.62,1500.15,1441.24,1297.39,1137.10,875.43
7,138,1553.88,1511.10,1451.76,1306.86,1145.40,881.82
7,139,1565.14,1522.05,1462.28,1316.33,1153.70,888.21
7,140,1576.40,1533.00,1472.80,1325.80,1162.00,894.60
7,141,1587.66,1543.95,1483.32,1335.27,1170.30,900.99
7,142,1598.92,1554.90,1493.84,1344.74,1178.60,907.38
7,143,1610.18,1565.85,1504.36,1354.21,1186.90,913.77
7,144,1621.44,1576.80,1514.88,1363.68,1195.20,920.16
7,145,1632.70,1587.75,1525.40,1373.15,1203.50,926.55
7,146,1643.96,1598.70,1535.92,1382.62,1211.80,932.94
7,147,1655.22,1609.65,1546.44,1392.09,1220.10,939.33
7,148,1666.48,1620.60,1556.96,1401.56,1228.40,945.72
7,149,1677.74,1631.55,1567.48,1411.03,1236.70,952.11
7,150,1689.00,1642.50,1578.00,1420.50,1245.00,958.50
8,1,137.55,106.55,95.35,50.70,43.54,39.86
8,2,153.02,122.02,110.55,60.23,52.69,46.30
8,3,164.39,133.39,120.84,70.38,60.45,52.29
8,4,176.16,145.16,132.30,80.09,68.81,59.82
8,5,177.36,146.36,135.21,91.12,78.29,67.10
8,6,200.69,169.69,150.71,99.82,83.66,76.31
8,7,212.30,181.30,162.56,109.96,90.45,79.48
8,8,217.94,186.94,171.12,120.98,103.93,86.79
8,9,218.52,187.52,183.84,132.81,114.08,98.57
8,10,220.17,189.17,185.46,142.65,123.41,106.27
8,11,252.89,221.89,204.59,143.90,133.71,113.88
8,12,257.56,226.56,215.52,166.37,134.74,120.34
8,13,277.66,246.66,225.91,172.87,151.26,127.65
8,14,279.68,248.68,237.11,178.27,152.92,134.26
8,15,280.96,249.96,245.05,184.72,165.23,141.83
8,16,306.24,275.24,252.26,192.53,172.24,148.15
8,17,308.78,277.78,257.64,208.19,180.24,154.80
8,18,309.04,278.04,262.05,213.32,181.05,160.04
8,19,309.29,278.29,271.34,228.71,197.14,165.86
8,20,310.68,279.68,272.47,230.25,204.48,172.93
8,21,338.16,307.16,291.55,239.12,209.41,178.60
8,22,348.58,317.58,303.90,257.24,217.53,185.27
8,23,357.59,326.59,305.14,266.76,224.98,186.96
8,24,364.17,333.17,311.89,271.24,227.36,187.82
8,25,365.02,334.02,316.07,275.52,246.46,204.47
8,26,381.67,350.67,329.64,293.52,253.25,210.70
8,27,391.24,360.24,345.24,295.34,261.21,217.24
8,28,406.44,375.44,354.28,299.06,267.53,224.23
8,29,408.41,377.41,356.25,304.67,275.50,231.21
8,30,409.13,378.13,360.34,308.60,282.47,237.83
8,31,416.93,385.93,370.93,324.61,290.03,244.29
8,32,429.51,398.51,380.82,326.24,297.03,245.14
8,33,445.38,414.38,392.99,334.91,304.59,246.09
8,34,447.25,416.25,398.61,362.55,312.08,264.77
8,35,451.12,420.12,402.50,365.32,313.45,266.65
8,36,460.04,429.04,407.58,370.21,321.54,278.30
8,37,474.60,443.60,425.74,370.71,336.61,279.47
8,38,476.07,445.07,427.56,372.23,345.79,280.01
8,39,477.41,446.41,431.41,402.35,354.78,290.57
8,40,484.99,453.99,432.39,405.37,362.62,301.07
8,41,497.98,466.98,451.98,433.45,372.42,307.50
8,42,515.16,484.16,462.38,443.73,381.77,314.15
8,43,529.22,498.22,482.92,444.76,389.74,321.45
8,44,544.02,513.02,495.94,445.84,397.41,322.19
8,45,545.51,514.51,497.25,459.03,403.34,323.19
8,46,565.42,534.42,512.39,468.46,412.04,343.01
8,47,567.42,536.42,514.47,469.42,412.92,345.01
8,48,567.74,536.74,514.68,470.90,416.20,354.77
8,49,568.00,537.00,515.00,482.08,416.53,355.76
8,50,569.55,538.55,521.40,491.49,417.20,357.27
8,51,593.62,562.62,547.30,521.66,430.51,387.46
8,52,633.52,602.52,586.77,536.75,462.70,390.50
8,53,637.51,606.51,591.51,538.26,465.93,400.43
8,54,638.10,607.10,592.09,546.04,466.52,401.43
8,55,649.53,618.53,592.61,547.07,467.09,401.99
8,56,650.68,619.68,601.21,548.94,467.68,402.57
8,57,651.19,620.19,602.08,549.44,477.12,410.62
8,58,652.87,621.87,603.75,556.17,478.07,417.33
8,59,685.85,654.85,636.81,569.42,484.02,425.01
8,60,689.15,658.15,640.12,586.45,494.76,432.71
8,61,709.73,678.73,660.73,601.64,498.82,439.64
8,62,726.06,695.06,667.57,603.17,499.74,440.36
8,63,729.23,698.23,680.27,605.19,517.55,454.18
8,64,755.08,724.08,706.16,644.88,519.35,461.42
8,65,763.22,732.22,714.33,653.64,519.90,472.40
8,66,764.73,733.73,715.83,655.89,520.82,482.42
8,67,765.24,734.24,716.34,664.78,521.38,483.43
8,68,769.50,738.50,720.62,670.77,521.95,503.48
8,69,783.60,752.60,724.39,672.85,523.73,505.49
8,70,785.03,754.03,736.17,673.36,557.65,506.17
8,71,787.77,756.77,738.91,674.44,563.23,519.34
8,72,842.32,811.32,775.07,695.90,563.79,520.66
8,73,847.79,816.79,797.40,698.05,564.36,521.23
8,74,848.38,817.38,799.64,706.12,565.15,521.80
8,75,849.41,818.41,800.69,715.38,580.81,523.22
8,76,850.21,819.21,801.49,726.51,589.87,551.25
8,77,851.01,820.01,802.29,727.98,608.04,554.06
8,78,851.81,820.81,803.79,730.26,651.33,556.64
8,79,852.61,821.61,804.59,766.66,655.68,561.84
8,80,854.26,823.26,807.03,782.77,659.32,563.10
8,81,887.11,856.11,838.60,788.65,661.34,564.38
8,82,890.40,859.40,841.76,790.52,662.48,567.12
8,83,891.51,860.51,842.86,814.48,663.62,581.68
8,84,909.11,878.11,860.52,816.90,674.82,583.14
8,85,910.88,879.88,862.29,817.95,675.97,604.88
8,86,911.92,880.92,863.32,818.98,677.04,607.06
8,87,913.26,882.26,864.27,820.01,681.60,608.69
8,88,917.61,886.61,869.02,824.14,686.88,609.84
8,89,1004.33,973.33,951.78,826.02,688.01,610.98
8,90,1022.39,991.39,960.06,863.44,689.16,612.13
8,91,1024.23,993.23,973.55,867.22,690.31,613.38
8,92,1025.40,994.40,974.90,884.09,691.45,614.67
8,93,1026.57,995.57,976.04,885.80,692.57,615.92
8,94,1027.76,996.76,977.21,887.00,693.73,617.48
8,95,1028.95,997.95,978.38,888.21,699.90,648.49
8,96,1030.00,999.00,979.41,893.70,701.02,672.59
8,97,1031.30,1000.30,980.68,896.29,715.77,675.01
8,98,1033.67,1002.67,983.00,920.99,732.54,676.35
8,99,1080.89,1049.89,1029.30,924.06,774.04,696.34
8,100,1197.00,1166.00,1097.00,975.00,855.00,726.00
8,101,1208.97,1177.66,1107.97,984.75,863.55,733.26
8,102,1220.94,1189.32,1118.94,994.50,872.10,740.52
8,103,1232.91,1200.98,1129.91,1004.25,880.65,747.78
8,104,1244.88,1212.64,1140.88,1014.00,889.20,755.04
8,105,1256.85,1224.30,1151.85,1023.75,897.75,762.30
8,106,1268.82,1235.96,1162.82,1033.50,906.30,769.56
8,107,1280.79,1247.62,1173.79,1043.25,914.85,776.82
8,108,1292.76,1259.28,1184.76,1053.00,923.40,784.08
8,109,1304.73,1270.94,1195.73,1062.75,931.95,791.34
8,110,1316.70,1282.60,1206.70,1072.50,940.50,798.60
8,111,1328.67,1294.26,1217.67,1082.25,949.05,805.86
8,112,1340.64,1305.92,1228.64,1092.00,957.60,813.12
8,113,1352.61,1317.58,1239.61,1101.75,966.15,820.38
8,114,1364.58,1329.24,1250.58,1111.50,974.70,827.64
8,115,1376.55,1340.90,1261.55,1121.25,983.25,834.90
8,116,1388.52,1352.56,1272.52,1131.00,991.80,842.16
8,117,1400.49,1364.22,1283.49,1140.75,1000.35,849.42
8,118,1412.46,1375.88,1294.46,1150.50,1008.90,856.68
8,119,1424.43,1387.54,1305.43,1160.25,1017.45,863.94
8,120,1436.40,1399.20,1316.40,1170.00,1026.00,871.20
8,121,1448.37,1410.86,1327.37,1179.75,1034.55,878.46
8,122,1460.34,1422.52,1338.34,1189.50,1043.10,885.72
8,123,1472.31,1434.18,1349.31,1199.25,1051.65,892.98
8,124,1484.28,1445.84,1360.28,1209.00,1060.20,900.24
8,125,1496.25,1457.50,1371.25,1218.75,1068.75,907.50
8,126,1508.22,1469.16,1382.22,1228.50,1077.30,914.76
8,127,1520.19,1480.82,1393.19,1238.25,1085.85,922.02
8,128,1532.16,1492.48,1404.16,1248.00,1094.40,929.28
8,129,1544.13,1504.14,1415.13,1257.75,1102.95,936.54
8,130,1556.10,1515.80,1426.10,1267.50,1111.50,943.80
8,131,1568.07,1527.46,1437.07,1277.25,1120.05,951.06
8,132,1580.04,1539.12,1448.04,1287.00,1128.60,958.32
8,133,1592.01,1550.78,1459.01,1296.75,1137.15,965.58
8,134,1603.98,1562.44,1469.98,1306.50,1145.70,972.84
8,135,1615.95,1574.10,1480.95,1316.25,1154.25,980.10
8,136,1627.92,1585.76,1491.92,1326.00,1162.80,987.36
8,137,1639.89,1597.42,1502.89,1335.75,1171.35,994.62
8,138,1651.86,1609.08,1513.86,1345.50,1179.90,1001.88
8,139,1663.83,1620.74,1524.83,1355.25,1188.45,1009.14
8,140,1675.80,1632.40,1535.80,1365.00,1197.00,1016.40
8,141,1687.77,1644.06,1546.77,1374.75,1205.55,1023.66
8,142,1699.74,1655.72,1557.74,1384.50,1214.10,1030.92
8,143,1711.71,1667.38,1568.71,1394.25,1222.65,1038.18
8,144,1723.68,1679.04,1579.68,1404.00,1231.20,1045.44
8,145,1735.65,1690.70,1590.65,1413.75,1239.75,1052.70
8,146,1747.62,1702.36,1601.62,1423.50,1248.30,1059.96
8,147,1759.59,1714.02,1612.59,1433.25,1256.85,1067.22
8,148,1771.56,1725.68,1623.56,1443.00,1265.40,1074.48
8,149,1783.53,1737.34,1634.53,1452.75,1273.95,1081.74
8,150,1795.50,1749.00,1645.50,1462.50,1282.50,1089.00
